magnet:?xt=urn:btih:63d55363485276138fef0b15cb5c4b72e3947cbc&amp;dn=%e9%98%b3%e5%85%89%e7%94%b5%e5%bd%b1www.ygdy8.com.%e6%b3%95%e5%85%b0%e8%a5%bf%e7%89%b9%e6%b4%be.2021.BD.1080P.%e4%b8%ad%e8%8b%b1%e5%8f%8c%e5%ad%97.mkv&amp;tr=udp%3a%2f%2ftracker.opentrackr.org%3a1337%2fannounce&amp;tr=udp%3a%2f%2fexodus.desync.com%3a6969%2fannounce,2021年剧情喜剧《法兰西特派》BD中英双字
magnet:?xt=urn:btih:b6398976c6c41fbeff554553c6db8ff45f0469ec&amp;dn=%e9%98%b3%e5%85%89%e7%94%b5%e5%bd%b1www.ygdy8.com.%e5%a4%a9%e9%b9%85%e6%8c%bd%e6%ad%8c.2021.BD.1080P.%e4%b8%ad%e8%8b%b1%e5%8f%8c%e5%ad%97.mkv&amp;tr=udp%3a%2f%2ftracker.opentrackr.org%3a1337%2fannounce&amp;tr=udp%3a%2f%2fexodus.desync.com%3a6969%2fannounce,2021年剧情科幻《天鹅挽歌》BD中英双字
magnet:?xt=urn:btih:3594336353964980fa87a6c9ae8a8e9985d9d418&amp;dn=%e9%98%b3%e5%85%89%e7%94%b5%e5%bd%b1www.ygdy8.com.%e6%af%8d%e4%ba%b2%e6%9c%ba%e5%99%a8%e4%ba%ba.2021.BD.1080P.%e4%b8%ad%e8%8b%b1%e5%8f%8c%e5%ad%97.mkv&amp;tr=udp%3a%2f%2ftracker.opentrackr.org%3a1337%2fannounce&amp;tr=udp%3a%2f%2fexodus.desync.com%3a6969%2fannounce,2021年科幻惊悚《母亲/机器人》BD中英双字
magnet:?xt=urn:btih:c9b3746c5ccdfed4bb9218d9f0e9bbe5c5c6228a&amp;dn=%e9%98%b3%e5%85%89%e7%94%b5%e5%bd%b1www.ygdy8.com.%e5%a4%a9%e8%b5%90%e7%81%b5%e6%9c%ba.BD.1080P.%e5%9b%bd%e7%b2%a4%e8%8b%b1%e4%b8%89%e8%af%ad%e4%b8%ad%e5%ad%97.mkv&amp;tr=udp%3a%2f%2ftracker.opentrackr.org%3a1337%2fannounce&amp;tr=udp%3a%2f%2fexodus.desync.com%3a6969%2fannounce,2021年动画喜剧《天赐灵机》BD国粤英三语中字
magnet:?xt=urn:btih:5224fa02ca1925ae2efb3e9b252cb769e42fb65e&amp;dn=%e9%98%b3%e5%85%89%e7%94%b5%e5%bd%b1www.ygdy8.com.%e5%b9%b3%e5%ae%89%e5%a4%9c.2021.BD.1080P.%e4%b8%ad%e8%8b%b1%e5%8f%8c%e5%ad%97.mkv&amp;tr=udp%3a%2f%2ftracker.opentrackr.org%3a1337%2fannounce&amp;tr=udp%3a%2f%2fexodus.desync.com%3a6969%2fannounce,2021年喜剧恐怖《平安夜》BD中英双字
magnet:?xt=urn:btih:7a26e5292b6caa9ee5e0e6345afede649574214e&amp;dn=%e9%98%b3%e5%85%89%e7%94%b5%e5%bd%b1www.ygdy8.com.%e6%80%aa%e5%85%bd%e8%ae%ad%e7%bb%83%e8%90%a5.2021.BD.1080P.%e4%b8%ad%e8%8b%b1%e5%8f%8c%e5%ad%97.mkv&amp;tr=udp%3a%2f%2ftracker.opentrackr.org%3a1337%2fannounce&amp;tr=udp%3a%2f%2fexodus.desync.com%3a6969%2fannounce,2021年动画喜剧《怪兽训练营》BD中英双字
magnet:?xt=urn:btih:e2913a9d6dca6f847f5bb1a1ac0735140b2dbf17&amp;dn=%e9%98%b3%e5%85%89%e7%94%b5%e5%bd%b1www.ygdy8.com.%e7%ba%bd%e7%93%a6%e5%85%8b%e4%bc%97%e5%9c%a3.2021.BD.1080P.%e4%b8%ad%e8%8b%b1%e5%8f%8c%e5%ad%97.mkv&amp;tr=udp%3a%2f%2ftracker.opentrackr.org%3a1337%2fannounce&amp;tr=udp%3a%2f%2fexodus.desync.com%3a6969%2fannounce,2021年剧情《纽瓦克众圣》BD中英双字
magnet:?xt=urn:btih:c188dbcc3262373a98f182f1c8cfa599a80730e8&amp;dn=%e9%98%b3%e5%85%89%e7%94%b5%e5%bd%b1www.ygdy8.com.%e8%93%9d%e8%89%b2%e6%b5%b7%e6%b9%be.2021.1080P.%e4%b8%ad%e8%8b%b1%e5%8f%8c%e5%ad%97.mkv&amp;tr=udp%3a%2f%2ftracker.opentrackr.org%3a1337%2fannounce&amp;tr=udp%3a%2f%2fexodus.desync.com%3a6969%2fannounce,2021年剧情《蓝色海湾》BD中英双字
magnet:?xt=urn:btih:0d43e0792909f256d5ac0a0a79fe1455a20e7022&amp;dn=%e9%98%b3%e5%85%89%e7%94%b5%e5%bd%b1www.ygdy8.com.007%ef%bc%9a%e6%97%a0%e6%9a%87%e8%b5%b4%e6%ad%bb.2021.BD.1080P.%e5%9b%bd%e8%8b%b1%e5%8f%8c%e8%af%ad%e5%8f%8c%e5%ad%97.mkv&amp;tr=udp%3a%2f%2ftracker.opentrackr.org%3a1337%2fannounce&amp;tr=udp%3a%2f%2fexodus.desync.com%3a6969%2fannounce,2021年动作《007：无暇赴死》BD国英双语双字
magnet:?xt=urn:btih:4316435866ad8ccd21dbc6e6d42bf86cb3cd7135&amp;dn=%e9%98%b3%e5%85%89%e7%94%b5%e5%bd%b1www.ygdy8.com.%e4%b8%8d%e5%8f%af%e9%a5%b6%e6%81%95.2021.1080P.%e4%b8%ad%e8%8b%b1%e5%8f%8c%e5%ad%97.mkv&amp;tr=udp%3a%2f%2ftracker.opentrackr.org%3a1337%2fannounce&amp;tr=udp%3a%2f%2fexodus.desync.com%3a6969%2fannounce,2021年剧情《不可饶恕/无赦》BD中英双字
magnet:?xt=urn:btih:9d65627d5e2e0e12ecc828c34a5e3ebeeaaf8422&amp;dn=%e9%98%b3%e5%85%89%e7%94%b5%e5%bd%b1www.ygdy8.com.%e4%b8%8d%e8%80%81%e5%a5%87%e4%ba%8b.2021.HD.1080P.%e5%9b%bd%e8%af%ad%e4%b8%ad%e8%8b%b1%e5%8f%8c%e5%ad%97.mkv&amp;tr=udp%3a%2f%2ftracker.opentrackr.org%3a1337%2fannounce&amp;tr=udp%3a%2f%2fexodus.desync.com%3a6969%2fannounce,2021年剧情《不老奇事》HD国语中英双字
magnet:?xt=urn:btih:686bc980e4b235249aa48cff228ec65d301977e8&amp;dn=%e9%98%b3%e5%85%89%e7%94%b5%e5%bd%b1www.ygdy8.com.%e8%b4%9d%e5%b0%94%e6%b3%95%e6%96%af%e7%89%b9.2021.1080P.%e4%b8%ad%e8%8b%b1%e5%8f%8c%e5%ad%97.mkv&amp;tr=udp%3a%2f%2ftracker.opentrackr.org%3a1337%2fannounce&amp;tr=udp%3a%2f%2fexodus.desync.com%3a6969%2fannounce,2021年剧情《贝尔法斯特》BD中英双字
magnet:?xt=urn:btih:b6058e7acfbf70a5095cbcb9870cc84f17f0a2b4&amp;dn=%e9%98%b3%e5%85%89%e7%94%b5%e5%bd%b1www.ygdy8.com.%e5%a4%a9%e8%b5%90%e7%81%b5%e6%9c%ba.2021.BD.1080P.%e4%b8%ad%e8%8b%b1%e5%8f%8c%e5%ad%97.mkv&amp;tr=udp%3a%2f%2ftracker.opentrackr.org%3a1337%2fannounce&amp;tr=udp%3a%2f%2fexodus.desync.com%3a6969%2fannounce,2021年动画喜剧《天赐灵机》BD中英双字
magnet:?xt=urn:btih:59f72b63c1e9d1d167051861ebbb135d6105fb25&amp;dn=%e9%98%b3%e5%85%89%e7%94%b5%e5%bd%b1www.ygdy8.com.%e7%ac%ac%e4%b8%80%e7%82%89%e9%a6%99.2021.HD.1080P.%e5%9b%bd%e8%af%ad%e4%b8%ad%e8%8b%b1%e5%8f%8c%e5%ad%97.mkv&amp;tr=udp%3a%2f%2ftracker.opentrackr.org%3a1337%2fannounce&amp;tr=udp%3a%2f%2fexodus.desync.com%3a6969%2fannounce,2021年剧情爱情《第一炉香》HD国语中英双字
magnet:?xt=urn:btih:268e331e89a77bb341f5ab35198dc8fb7cf75db4&amp;dn=%e9%98%b3%e5%85%89%e7%94%b5%e5%bd%b1www.ygdy8.com.%e7%8a%ac%e4%b9%8b%e5%8a%9b.2021.BD.1080P.%e4%b8%ad%e8%8b%b1%e5%8f%8c%e5%ad%97.mkv&amp;tr=udp%3a%2f%2ftracker.opentrackr.org%3a1337%2fannounce&amp;tr=udp%3a%2f%2fexodus.desync.com%3a6969%2fannounce,2021年剧情《犬之力/犬山记》BD中英双字
